0,1415,184,741,742,1025,864,1020,2435,429,735,383,364,2325,269,787,828,901,493,464,893,750,598,0,506,947,422,689,449,494,314,1460,305,869,1018,798,296,169,420,290,834,713,217,1594,214,312,428,361,318,473,264,182,388,613,201,448,649,156,713,279,97,821,479,261,231,55,305,403,200,544,687,167,658,1591,570,245,128,110,385,88,265,192,167,677,284,596,364,536,154,379,76,39,1058,380,365,308,368,1151,583,213,348,278,441,1678,271,431,155,0,180,268,191,241,106
0,0,213,1059,1088,2365,926,2383,3490,984,1081,627,424,2462,379,852,1217,1546,606,622,1371,1008,819,0,687,1064,591,803,435,623,468,1939,325,1235,1903,1135,350,180,599,411,1327,998,372,3014,289,403,669,780,438,673,326,247,531,1091,298,748,1050,216,1129,301,158,1016,744,299,282,38,799,644,225,974,830,301,1113,2094,788,390,155,91,480,122,415,295,197,807,329,685,484,671,231,460,105,64,2317,878,555,303,354,1476,561,254,402,346,500,2060,281,687,170,0,401,334,216,289,173
0,0,0,110,84,239,79,250,377,110,108,68,40,306,48,113,127,201,76,74,162,107,114,0,68,83,60,103,85,42,59,178,43,125,166,105,34,19,69,63,133,127,48,265,33,62,85,103,77,30,51,30,72,134,47,91,69,31,125,63,17,113,67,29,36,8,104,48,21,136,103,36,134,185,56,61,29,26,32,17,56,28,47,73,48,55,35,62,35,52,5,14,277,106,70,50,60,144,90,35,34,48,61,254,23,67,26,0,56,40,24,31,32
0,0,0,0,616,1194,593,1232,1483,440,543,413,185,1571,275,493,547,990,412,350,735,683,429,0,392,642,335,578,314,339,253,1168,195,573,1124,552,212,93,324,216,731,666,195,1901,162,249,394,447,301,286,178,116,303,576,172,411,445,138,762,254,107,616,438,209,152,37,369,280,133,687,615,156,616,1127,401,233,128,71,188,58,289,161,109,411,188,365,257,278,139,220,66,38,1034,417,389,227,233,797,442,199,232,217,221,1267,225,342,90,0,232,149,100,162,100
0,0,0,0,0,1104,420,1437,1446,509,480,371,199,1475,180,470,596,1107,403,204,639,415,430,0,296,270,186,523,285,185,106,900,245,567,824,428,120,84,256,142,867,698,192,1767,83,254,318,347,293,147,195,100,254,598,147,371,272,91,538,229,71,488,393,115,153,26,423,186,136,617,496,154,664,1082,308,214,92,73,111,77,305,165,109,268,168,217,138,275,117,113,30,24,1239,492,274,248,284,871,465,157,131,207,230,1323,136,380,63,0,240,110,64,94,79
0,0,0,0,0,0,1284,1772,3800,890,1020,582,418,2982,395,1052,1237,1642,696,1611,1550,890,878,0,681,1181,626,1125,753,694,422,1978,457,1184,1640,1161,346,267,581,419,2179,1196,368,2739,313,512,713,764,528,693,332,198,752,951,297,699,914,272,1465,384,157,1177,823,392,336,85,494,560,270,1035,992,263,1012,2200,785,389,200,138,649,115,428,285,279,1044,419,793,516,581,215,485,161,108,1650,1110,556,480,460,1513,832,324,439,370,621,2511,421,530,185,0,322,369,286,298,155
0,0,0,0,0,0,0,1384,1811,561,615,424,273,1375,197,392,647,1025,312,311,682,508,391,0,284,443,221,431,237,254,199,1002,220,636,916,528,186,116,351,224,758,644,209,1750,117,263,390,452,276,201,119,125,261,626,154,385,317,130,609,191,86,512,444,145,171,28,446,253,148,528,448,179,695,1147,364,237,102,73,171,59,276,196,82,342,177,287,195,362,159,151,65,33,1325,549,332,216,270,861,337,158,151,202,260,1377,167,414,83,0,245,158,97,114,64
0,0,0,0,0,0,0,0,4185,776,1114,619,494,3403,372,1290,1345,1420,728,812,1447,1333,1067,0,776,1503,748,1282,840,813,525,2206,530,1299,1759,1341,451,284,703,588,1398,1105,385,2603,339,417,647,628,462,627,475,277,656,1030,376,603,892,256,1149,462,149,1408,789,413,386,76,600,715,347,941,1180,258,1262,2365,976,484,162,146,684,134,422,338,244,1216,481,884,639,940,206,627,119,75,1696,764,481,556,633,1872,862,358,499,402,814,2627,457,619,230,0,297,417,287,420,153
0,0,0,0,0,0,0,0,0,1814,1294,914,625,4642,448,1874,1693,2751,1020,1296,1768,1338,1624,0,861,1879,703,1798,1146,965,617,2783,660,1654,2050,1705,462,404,718,608,3280,1854,410,4197,431,556,718,1004,672,845,634,301,850,2060,494,887,1349,290,1430,579,194,1780,962,510,508,103,1427,1068,461,1447,1537,391,1776,3110,1189,531,257,214,1151,161,613,486,330,1748,636,1261,748,1155,433,782,141,103,3808,1217,675,737,771,2999,1131,447,612,588,1305,4204,492,1053,351,0,605,609,393,483,229
0,0,0,0,0,0,0,0,0,0,355,190,220,1422,133,588,527,536,270,400,527,451,506,0,327,611,247,519,340,308,175,931,196,531,548,498,167,105,213,191,844,452,143,923,141,177,242,189,186,276,213,104,288,470,150,235,427,89,394,177,59,609,262,144,163,31,263,357,141,384,470,106,503,975,429,144,76,48,381,46,146,145,106,493,214,397,283,412,87,270,62,30,730,209,183,193,192,924,309,160,192,219,398,1175,177,259,134,0,103,180,133,177,52
0,0,0,0,0,0,0,0,0,0,0,307,120,1214,155,522,216,936,305,386,560,396,420,0,292,616,266,573,372,296,187,944,310,190,705,502,172,109,187,193,729,599,131,1477,149,131,240,323,236,277,173,94,276,552,161,282,463,119,515,217,69,604,333,146,155,29,350,273,147,495,525,142,285,399,335,135,96,53,219,89,254,119,110,466,195,372,232,338,136,224,75,26,1071,288,283,223,294,787,358,156,199,194,323,1372,164,187,126,0,201,169,90,156,57
0,0,0,0,0,0,0,0,0,0,0,0,127,882,122,342,311,466,257,233,410,385,285,0,260,383,181,346,184,211,169,637,177,337,573,367,137,84,207,165,380,336,161,879,92,135,262,219,175,183,140,84,189,342,121,207,306,83,418,158,52,446,255,147,114,23,198,179,118,354,335,139,342,567,296,177,75,53,151,51,155,89,112,274,145,211,174,228,82,185,40,44,579,235,206,160,161,453,287,132,142,130,173,762,140,170,60,0,113,135,63,92,70
0,0,0,0,0,0,0,0,0,0,0,0,0,507,62,193,95,428,131,162,225,141,197,0,81,214,95,213,139,122,73,435,93,117,343,172,57,64,72,79,320,275,60,660,74,72,115,142,91,110,65,47,109,307,71,121,195,59,230,79,32,224,155,54,86,12,173,99,63,207,233,66,189,217,145,55,51,24,132,19,96,72,45,177,65,147,100,138,49,126,19,11,457,121,128,101,75,347,138,57,65,87,149,585,94,103,35,0,89,68,56,61,18
0,0,0,0,0,0,0,0,0,0,0,0,0,0,406,1361,1344,2586,941,832,1829,1291,1158,0,874,1513,759,1321,649,852,502,2793,513,1308,2482,1405,402,237,710,555,2014,1636,449,4551,384,595,768,978,592,708,438,289,829,1765,385,881,1120,304,1547,483,185,1559,1009,412,410,79,1113,724,347,1407,1249,345,1519,2530,1052,485,268,151,563,170,591,416,290,1083,462,892,546,937,339,577,144,83,3297,1125,854,497,569,2209,954,423,542,550,688,3854,616,880,240,0,565,452,260,336,203
0,0,0,0,0,0,0,0,0,0,0,0,0,0,0,164,179,282,137,123,194,202,163,0,140,212,136,206,112,132,103,407,93,139,320,176,91,51,122,116,275,213,70,535,68,78,137,147,130,83,102,40,115,193,69,142,156,49,224,86,44,216,128,72,56,18,144,90,60,244,210,62,201,252,140,89,56,45,92,26,96,50,42,176,78,122,79,116,58,64,26,22,420,133,122,104,89,243,157,72,90,97,118,450,75,91,36,0,113,66,45,50,22
0,0,0,0,0,0,0,0,0,0,0,0,0,0,0,0,739,786,343,354,654,507,439,0,314,493,258,423,266,259,180,921,196,649,763,601,177,90,311,236,858,596,187,1497,144,194,292,391,231,254,169,108,256,550,159,334,392,119,491,169,71,578,392,184,150,35,457,323,144,486,454,145,684,1071,429,185,105,62,294,70,235,152,79,382,203,295,244,344,139,224,47,48,1361,473,237,197,262,811,348,133,237,205,305,1213,148,382,118,0,214,191,106,147,74
0,0,0,0,0,0,0,0,0,0,0,0,0,0,0,0,0,892,333,435,636,337,559,0,267,666,281,644,422,333,189,1247,239,208,746,631,200,123,135,262,1013,660,97,1431,160,103,229,385,178,302,229,77,301,811,225,325,492,113,512,197,83,763,343,192,197,38,512,380,206,490,606,127,327,438,439,139,94,68,386,63,275,124,123,590,276,433,329,457,156,311,56,37,1416,363,237,247,230,992,394,194,230,234,511,1484,207,195,133,0,244,223,142,197,52
0,0,0,0,0,0,0,0,0,0,0,0,0,0,0,0,0,0,530,643,1151,895,739,0,588,1049,559,744,477,603,417,1834,508,1068,1611,952,345,178,547,410,916,773,346,2323,239,392,550,497,379,573,282,191,558,791,309,490,953,195,1065,326,126,1107,629,307,295,71,440,486,219,717,807,234,882,1766,676,348,152,123,383,104,338,274,184,794,338,642,417,517,164,439,129,59,1268,510,516,331,720,1247,574,266,373,302,416,2071,331,513,153,0,247,342,186,267,101
0,0,0,0,0,0,0,0,0,0,0,0,0,0,0,0,0,0,0,233,406,322,309,0,215,376,219,327,193,219,173,727,157,339,609,384,131,59,185,170,425,373,149,1036,127,159,241,255,172,196,144,87,198,435,94,245,298,90,392,144,70,424,281,132,115,22,270,178,86,334,308,116,423,567,299,161,68,49,156,45,125,92,89,294,142,276,153,247,107,166,106,33,695,262,231,206,151,438,256,138,173,161,193,843,173,188,65,0,160,147,85,96,59
0,0,0,0,0,0,0,0,0,0,0,0,0,0,0,0,0,0,0,0,453,285,289,0,194,239,139,428,200,145,109,584,129,438,497,327,90,127,221,155,698,454,145,967,77,172,222,348,199,186,135,78,213,394,106,211,219,83,438,139,52,367,280,87,120,25,294,158,105,338,316,111,438,711,238,160,125,46,161,56,159,91,72,262,167,164,135,219,127,104,26,33,820,348,181,185,179,579,336,97,107,163,185,773,109,235,56,0,166,96,69,87,64
0,0,0,0,0,0,0,0,0,0,0,0,0,0,0,0,0,0,0,0,0,589,546,0,348,742,385,687,378,405,281,1280,251,531,954,642,184,138,268,286,1043,842,217,1898,190,241,367,453,310,331,245,150,384,761,142,408,564,149,735,253,94,758,464,197,196,42,499,388,184,659,606,154,673,1049,458,207,136,87,308,85,322,198,131,601,271,413,287,382,170,294,86,36,1517,438,329,276,281,975,535,216,238,228,365,1843,249,405,107,0,231,209,147,188,90
0,0,0,0,0,0,0,0,0,0,0,0,0,0,0,0,0,0,0,0,0,0,408,0,247,508,223,583,309,300,177,1050,196,291,854,445,148,91,181,216,966,588,111,1603,131,188,292,375,276,230,177,104,261,603,139,315,367,115,584,187,77,588,375,157,145,28,566,241,141,530,546,131,472,587,287,154,113,72,238,62,239,117,110,442,198,274,198,347,140,223,36,36,1304,406,299,244,220,784,410,162,159,196,339,1486,184,277,95,0,238,156,110,146,43
0,0,0,0,0,0,0,0,0,0,0,0,0,0,0,0,0,0,0,0,0,0,0,0,264,502,221,408,260,285,179,804,230,468,668,539,143,113,252,181,914,474,159,1251,134,211,294,351,216,222,134,107,245,494,166,314,300,112,410,174,71,521,316,154,151,36,350,261,132,441,357,125,565,859,339,187,95,58,309,50,177,123,112,368,189,300,222,300,143,234,35,42,964,396,213,205,261,727,310,121,178,157,271,1063,151,288,80,0,169,176,93,168,72
0,0,0,0,0,0,0,0,0,0,0,0,0,0,0,0,0,0,0,0,0,0,0,0,0,0,0,0,0,0,0,0,0,0,0,0,0,0,0,0,0,0,0,0,0,0,0,0,0,0,0,0,0,0,0,0,0,0,0,0,0,0,0,0,0,0,0,0,0,0,0,0,0,0,0,0,0,0,0,0,0,0,0,0,0,0,0,0,0,0,0,0,0,0,0,0,0,0,0,0,0,0,0,0,0,0,0,0,0,0,0,0,0
0,0,0,0,0,0,0,0,0,0,0,0,0,0,0,0,0,0,0,0,0,0,0,0,0,284,158,371,235,165,118,702,134,254,545,300,120,72,137,127,544,456,75,1012,92,140,276,238,187,125,121,61,209,398,92,181,257,76,369,164,51,377,240,98,77,17,311,142,100,393,351,100,341,471,203,121,75,42,127,37,191,95,81,252,132,189,135,226,94,90,31,29,753,237,201,128,133,505,298,88,128,152,182,886,106,190,47,0,160,98,46,79,59
0,0,0,0,0,0,0,0,0,0,0,0,0,0,0,0,0,0,0,0,0,0,0,0,0,0,161,587,311,211,124,991,181,672,847,521,133,105,341,178,931,647,195,1769,98,256,350,439,297,168,237,88,266,747,129,371,320,110,638,222,81,541,424,116,181,15,556,167,156,613,546,164,746,1245,319,251,123,71,153,71,253,210,75,331,199,221,142,354,148,158,48,51,1502,449,307,227,330,1083,512,170,142,201,267,1571,142,424,88,0,269,160,93,120,61
0,0,0,0,0,0,0,0,0,0,0,0,0,0,0,0,0,0,0,0,0,0,0,0,0,0,0,315,167,111,90,560,112,252,480,252,68,52,179,93,443,400,124,917,68,126,238,218,177,96,87,75,131,342,61,236,117,63,356,120,35,251,212,66,77,19,242,89,73,519,298,105,309,518,165,106,83,51,80,29,160,72,54,151,83,85,68,159,58,59,25,25,628,207,195,134,111,403,255,87,91,115,110,752,67,182,33,0,130,79,50,60,35
0,0,0,0,0,0,0,0,0,0,0,0,0,0,0,0,0,0,0,0,0,0,0,0,0,0,0,0,202,296,211,1049,165,595,873,617,169,104,326,241,536,556,201,1599,156,259,295,403,255,291,136,99,304,601,130,360,462,108,623,196,70,624,383,153,158,24,433,323,123,458,418,134,571,1038,430,208,86,73,237,54,176,147,118,452,195,410,240,309,106,263,57,30,1203,406,279,189,185,643,311,129,227,182,258,1280,142,370,96,0,214,177,108,156,63
0,0,0,0,0,0,0,0,0,0,0,0,0,0,0,0,0,0,0,0,0,0,0,0,0,0,0,0,0,197,118,569,166,324,499,315,119,74,185,126,384,298,140,771,108,158,202,272,139,205,97,74,163,354,80,206,202,83,295,103,53,354,254,93,73,14,302,213,63,228,255,101,380,658,271,155,68,38,189,31,137,89,60,275,101,200,172,207,81,170,45,27,773,364,152,83,143,376,158,83,127,102,190,692,77,264,68,0,158,125,92,75,47
0,0,0,0,0,0,0,0,0,0,0,0,0,0,0,0,0,0,0,0,0,0,0,0,0,0,0,0,0,0,107,539,119,312,548,296,86,98,195,124,950,449,109,894,75,149,223,253,190,108,127,67,173,424,101,227,209,71,339,119,54,301,242,75,103,17,279,96,88,322,257,79,369,669,192,117,70,55,88,42,158,90,73,208,129,110,88,190,103,70,40,31,784,267,187,140,170,545,247,98,113,113,176,781,88,218,56,0,154,97,43,60,58
0,0,0,0,0,0,0,0,0,0,0,0,0,0,0,0,0,0,0,0,0,0,0,0,0,0,0,0,0,0,0,363,98,210,369,174,60,50,120,71,504,287,79,640,53,76,172,166,148,71,90,57,123,265,60,154,127,59,269,143,36,207,136,74,68,11,174,85,69,246,198,64,309,368,123,99,61,48,64,21,116,68,43,122,72,80,76,138,60,61,15,20,493,184,117,113,134,329,210,77,76,89,106,558,96,163,43,0,97,58,34,57,35
0,0,0,0,0,0,0,0,0,0,0,0,0,0,0,0,0,0,0,0,0,0,0,0,0,0,0,0,0,0,0,0,387,1206,1866,1075,332,187,531,356,1358,1244,362,3144,253,457,690,725,512,442,295,198,534,1360,352,568,796,246,1218,371,142,713,656,291,287,52,723,450,281,1036,1022,267,1156,2052,629,395,204,136,415,136,512,318,198,816,360,612,410,535,225,384,91,57,2157,825,648,461,448,1634,731,302,341,381,481,2287,379,657,173,0,380,325,200,233,146
0,0,0,0,0,0,0,0,0,0,0,0,0,0,0,0,0,0,0,0,0,0,0,0,0,0,0,0,0,0,0,0,0,263,327,204,91,48,143,97,353,248,79,614,57,104,130,175,145,84,59,53,93,191,95,147,175,36,207,97,37,192,152,76,77,9,184,89,56,237,197,74,266,515,143,97,53,36,82,24,110,60,51,150,88,90,75,143,78,68,16,15,553,183,138,118,176,360,191,71,69,68,120,343,64,160,32,0,88,71,33,59,26
0,0,0,0,0,0,0,0,0,0,0,0,0,0,0,0,0,0,0,0,0,0,0,0,0,0,0,0,0,0,0,0,0,0,692,575,182,152,134,259,963,691,132,1601,164,112,249,348,221,338,207,77,339,703,167,354,493,123,539,199,93,724,388,167,179,33,428,335,162,522,585,125,310,401,404,131,102,61,288,66,259,141,118,523,191,470,260,350,113,281,86,52,1300,349,298,269,247,895,382,152,220,197,320,1482,194,207,117,0,266,217,135,200,75
0,0,0,0,0,0,0,0,0,0,0,0,0,0,0,0,0,0,0,0,0,0,0,0,0,0,0,0,0,0,0,0,0,0,0,866,367,149,357,313,1285,1097,290,2876,219,281,564,540,446,358,285,157,453,998,202,484,757,204,1200,375,124,909,533,259,248,59,520,374,271,958,941,227,856,1359,585,311,179,132,280,91,481,247,201,798,331,479,340,509,162,298,96,63,1640,462,602,388,331,1145,784,311,306,361,408,2278,357,467,143,0,279,261,158,225,99
0,0,0,0,0,0,0,0,0,0,0,0,0,0,0,0,0,0,0,0,0,0,0,0,0,0,0,0,0,0,0,0,0,0,0,0,142,122,300,215,888,677,190,1633,139,215,322,366,264,216,222,127,289,647,140,337,385,100,594,199,107,600,372,146,163,27,490,286,189,549,580,160,655,895,366,223,144,85,218,65,274,120,107,478,214,288,221,345,133,201,42,36,1325,445,297,282,211,853,407,155,168,195,341,1435,172,381,85,0,232,175,105,136,71
0,0,0,0,0,0,0,0,0,0,0,0,0,0,0,0,0,0,0,0,0,0,0,0,0,0,0,0,0,0,0,0,0,0,0,0,0,52,131,70,259,230,80,487,44,60,116,166,113,59,93,45,113,219,50,133,124,45,221,74,33,163,127,61,62,14,175,74,52,175,165,80,228,277,129,80,48,47,65,28,97,61,52,120,93,65,73,124,47,49,11,22,394,151,88,64,134,284,135,76,58,75,99,416,54,147,23,0,97,47,30,47,38
0,0,0,0,0,0,0,0,0,0,0,0,0,0,0,0,0,0,0,0,0,0,0,0,0,0,0,0,0,0,0,0,0,0,0,0,0,0,73,59,167,126,36,282,29,55,97,131,70,70,41,28,72,120,40,60,68,20,131,41,23,109,100,34,48,10,89,62,30,103,77,32,146,236,89,52,56,22,67,21,52,54,33,103,40,70,41,89,42,65,18,16,243,106,63,57,64,189,85,27,43,52,59,217,27,76,19,0,57,70,39,55,17
0,0,0,0,0,0,0,0,0,0,0,0,0,0,0,0,0,0,0,0,0,0,0,0,0,0,0,0,0,0,0,0,0,0,0,0,0,0,0,128,554,412,71,831,83,101,168,223,137,147,124,38,197,381,99,201,223,68,315,125,48,393,237,101,85,19,232,140,106,319,319,85,250,280,202,91,61,59,134,41,180,77,82,274,124,203,143,185,91,123,37,26,649,197,148,149,142,442,229,85,119,110,198,773,114,133,78,0,132,82,70,85,36
0,0,0,0,0,0,0,0,0,0,0,0,0,0,0,0,0,0,0,0,0,0,0,0,0,0,0,0,0,0,0,0,0,0,0,0,0,0,0,0,377,300,79,579,65,72,169,196,115,97,95,57,143,275,75,157,154,52,239,92,61,223,163,55,70,20,247,120,68,196,206,79,302,343,174,114,53,40,98,31,112,55,65,173,109,108,71,160,71,63,18,13,499,191,128,129,125,340,177,82,76,88,120,457,60,161,38,0,104,69,51,66,41
0,0,0,0,0,0,0,0,0,0,0,0,0,0,0,0,0,0,0,0,0,0,0,0,0,0,0,0,0,0,0,0,0,0,0,0,0,0,0,0,0,657,353,1500,242,353,495,671,303,463,211,190,467,725,203,622,658,181,733,275,94,970,484,310,220,46,464,799,173,544,610,250,812,2188,699,337,121,85,544,79,235,230,176,877,275,640,491,569,158,474,92,60,1344,722,347,297,281,1223,394,197,519,250,1047,1588,240,525,197,0,342,512,195,254,124
0,0,0,0,0,0,0,0,0,0,0,0,0,0,0,0,0,0,0,0,0,0,0,0,0,0,0,0,0,0,0,0,0,0,0,0,0,0,0,0,0,0,234,1599,171,266,409,398,304,333,203,144,382,525,174,475,597,160,674,232,75,701,436,208,185,42,340,371,164,542,513,154,662,1251,501,260,123,105,297,70,208,165,151,517,211,430,317,403,139,257,86,54,1099,390,373,200,233,939,409,185,226,259,306,1111,241,401,112,0,192,245,127,194,89
0,0,0,0,0,0,0,0,0,0,0,0,0,0,0,0,0,0,0,0,0,0,0,0,0,0,0,0,0,0,0,0,0,0,0,0,0,0,0,0,0,0,0,528,61,58,98,146,94,94,98,50,130,224,75,136,172,43,189,95,49,232,157,79,71,12,163,119,70,204,204,79,173,191,108,50,57,44,72,27,115,48,46,179,90,104,88,143,65,91,26,24,438,148,112,108,74,247,160,65,64,97,137,463,61,86,31,0,96,78,36,63,35
0,0,0,0,0,0,0,0,0,0,0,0,0,0,0,0,0,0,0,0,0,0,0,0,0,0,0,0,0,0,0,0,0,0,0,0,0,0,0,0,0,0,0,0,376,622,1010,895,629,864,459,303,895,1530,407,885,1646,336,2047,634,203,1752,949,518,483,97,686,854,385,1579,1588,383,1489,2878,1093,535,292,168,560,173,645,467,357,1380,505,1106,648,877,325,605,194,109,2542,785,834,656,756,2124,1169,450,657,570,743,3810,608,788,246,0,484,523,308,429,192
0,0,0,0,0,0,0,0,0,0,0,0,0,0,0,0,0,0,0,0,0,0,0,0,0,0,0,0,0,0,0,0,0,0,0,0,0,0,0,0,0,0,0,0,0,81,90,134,78,58,77,34,101,149,37,124,93,37,161,86,42,146,127,59,48,18,126,61,33,163,134,53,201,242,93,57,50,39,45,28,89,42,53,104,83,66,42,106,46,53,15,23,359,108,112,71,63,227,130,44,52,64,100,374,44,91,29,0,66,51,23,33,40
0,0,0,0,0,0,0,0,0,0,0,0,0,0,0,0,0,0,0,0,0,0,0,0,0,0,0,0,0,0,0,0,0,0,0,0,0,0,0,0,0,0,0,0,0,0,127,136,106,138,77,53,133,307,53,165,223,59,229,85,35,254,172,65,92,16,146,124,80,215,211,58,163,233,188,70,50,32,105,28,121,51,61,234,99,163,120,183,62,104,37,10,483,116,156,121,84,336,191,67,81,110,143,555,78,117,40,0,93,80,49,78,20
0,0,0,0,0,0,0,0,0,0,0,0,0,0,0,0,0,0,0,0,0,0,0,0,0,0,0,0,0,0,0,0,0,0,0,0,0,0,0,0,0,0,0,0,0,0,0,287,150,190,139,50,159,345,85,209,286,98,383,120,59,359,245,112,78,26,226,152,108,394,389,95,299,387,242,121,89,48,126,54,194,90,79,276,126,177,165,206,110,103,48,25,652,211,235,164,108,471,307,150,154,149,183,734,114,176,39,0,128,144,60,87,50
0,0,0,0,0,0,0,0,0,0,0,0,0,0,0,0,0,0,0,0,0,0,0,0,0,0,0,0,0,0,0,0,0,0,0,0,0,0,0,0,0,0,0,0,0,0,0,0,213,189,166,95,258,371,109,239,315,102,434,183,60,440,263,144,122,39,183,233,120,403,373,112,431,647,285,156,118,64,345,45,186,72,115,398,168,231,188,286,85,175,48,41,598,238,210,200,182,552,272,131,137,177,238,849,137,212,75,0,121,122,86,113,63
0,0,0,0,0,0,0,0,0,0,0,0,0,0,0,0,0,0,0,0,0,0,0,0,0,0,0,0,0,0,0,0,0,0,0,0,0,0,0,0,0,0,0,0,0,0,0,0,0,119,86,56,142,263,83,183,224,76,309,117,56,320,200,112,89,23,165,149,107,241,226,93,207,367,238,113,56,42,144,51,129,54,71,254,99,151,119,161,68,114,41,20,518,199,178,125,107,287,179,86,107,101,160,546,94,149,47,0,123,83,51,101,36
0,0,0,0,0,0,0,0,0,0,0,0,0,0,0,0,0,0,0,0,0,0,0,0,0,0,0,0,0,0,0,0,0,0,0,0,0,0,0,0,0,0,0,0,0,0,0,0,0,0,87,65,158,317,62,167,160,50,1058,110,51,262,205,72,118,28,262,90,66,276,231,85,372,616,152,124,76,46,61,38,130,105,39,174,114,98,64,153,81,55,28,22,732,241,151,130,131,501,243,60,75,105,143,709,83,199,44,0,127,71,38,58,38
0,0,0,0,0,0,0,0,0,0,0,0,0,0,0,0,0,0,0,0,0,0,0,0,0,0,0,0,0,0,0,0,0,0,0,0,0,0,0,0,0,0,0,0,0,0,0,0,0,0,0,47,119,221,49,135,150,50,167,83,34,200,128,52,67,13,188,132,41,161,134,67,240,330,186,90,54,31,125,19,89,45,39,176,66,113,89,135,47,77,23,23,380,198,90,79,68,233,98,50,100,82,116,444,70,120,35,0,87,74,44,61,29
0,0,0,0,0,0,0,0,0,0,0,0,0,0,0,0,0,0,0,0,0,0,0,0,0,0,0,0,0,0,0,0,0,0,0,0,0,0,0,0,0,0,0,0,0,0,0,0,0,0,0,0,74,178,52,97,79,32,117,63,28,139,117,61,37,14,93,63,42,136,98,33,108,152,82,47,38,33,46,24,62,26,38,90,50,65,66,72,30,46,15,24,279,96,69,54,60,158,98,39,47,55,100,283,31,66,11,0,73,50,44,41,23
0,0,0,0,0,0,0,0,0,0,0,0,0,0,0,0,0,0,0,0,0,0,0,0,0,0,0,0,0,0,0,0,0,0,0,0,0,0,0,0,0,0,0,0,0,0,0,0,0,0,0,0,0,296,103,236,229,64,321,119,60,298,221,108,78,21,215,141,63,296,322,102,395,678,187,121,86,45,132,50,169,67,66,214,101,156,95,178,82,78,39,35,636,265,166,138,157,454,197,75,121,108,111,610,105,228,53,0,113,94,65,89,35
0,0,0,0,0,0,0,0,0,0,0,0,0,0,0,0,0,0,0,0,0,0,0,0,0,0,0,0,0,0,0,0,0,0,0,0,0,0,0,0,0,0,0,0,0,0,0,0,0,0,0,0,0,0,199,381,540,141,684,273,101,735,402,200,216,24,349,364,174,519,1085,172,628,1194,415,207,111,73,257,54,241,150,104,562,217,417,301,459,130,313,84,35,1084,362,275,253,268,1004,406,212,251,212,304,1145,195,396,102,0,226,213,128,174,84
0,0,0,0,0,0,0,0,0,0,0,0,0,0,0,0,0,0,0,0,0,0,0,0,0,0,0,0,0,0,0,0,0,0,0,0,0,0,0,0,0,0,0,0,0,0,0,0,0,0,0,0,0,0,0,103,110,35,152,77,33,201,98,45,45,14,109,85,37,152,139,62,219,357,122,80,37,27,78,18,82,56,26,173,88,97,104,81,57,76,23,19,353,160,96,65,77,219,98,31,69,53,95,383,38,98,44,0,85,58,56,60,38
0,0,0,0,0,0,0,0,0,0,0,0,0,0,0,0,0,0,0,0,0,0,0,0,0,0,0,0,0,0,0,0,0,0,0,0,0,0,0,0,0,0,0,0,0,0,0,0,0,0,0,0,0,0,0,0,338,109,349,141,52,347,217,144,111,25,228,202,94,383,384,89,436,579,270,119,96,54,149,49,174,96,81,313,142,219,180,219,103,138,41,46,671,237,219,181,150,458,266,117,135,145,202,893,137,209,61,0,118,127,87,95,61
0,0,0,0,0,0,0,0,0,0,0,0,0,0,0,0,0,0,0,0,0,0,0,0,0,0,0,0,0,0,0,0,0,0,0,0,0,0,0,0,0,0,0,0,0,0,0,0,0,0,0,0,0,0,0,0,0,89,630,166,64,422,342,104,145,22,366,149,117,472,422,132,571,899,292,204,85,65,122,54,220,136,71,240,142,202,119,258,116,127,46,32,1111,375,260,209,204,684,363,141,164,167,186,1240,119,302,48,0,178,123,64,91,46
0,0,0,0,0,0,0,0,0,0,0,0,0,0,0,0,0,0,0,0,0,0,0,0,0,0,0,0,0,0,0,0,0,0,0,0,0,0,0,0,0,0,0,0,0,0,0,0,0,0,0,0,0,0,0,0,0,0,141,77,23,136,110,54,42,11,89,56,22,151,109,54,129,181,101,58,29,18,40,16,51,31,23,92,55,60,45,80,38,42,12,21,246,95,87,68,67,140,101,59,42,50,56,232,45,81,19,0,48,41,24,30,27
0,0,0,0,0,0,0,0,0,0,0,0,0,0,0,0,0,0,0,0,0,0,0,0,0,0,0,0,0,0,0,0,0,0,0,0,0,0,0,0,0,0,0,0,0,0,0,0,0,0,0,0,0,0,0,0,0,0,0,262,101,676,457,218,211,33,346,249,121,664,613,184,583,871,386,224,119,86,216,65,310,186,121,463,214,344,223,339,103,218,128,51,1123,358,400,234,238,810,380,218,202,266,308,1384,261,338,83,0,225,188,220,152,77
0,0,0,0,0,0,0,0,0,0,0,0,0,0,0,0,0,0,0,0,0,0,0,0,0,0,0,0,0,0,0,0,0,0,0,0,0,0,0,0,0,0,0,0,0,0,0,0,0,0,0,0,0,0,0,0,0,0,0,0,65,230,191,74,68,15,174,105,51,233,200,71,217,358,159,107,81,38,95,23,128,34,56,161,88,124,99,167,46,84,26,28,388,156,146,105,86,247,162,85,86,109,109,427,90,129,36,0,97,68,49,65,39
0,0,0,0,0,0,0,0,0,0,0,0,0,0,0,0,0,0,0,0,0,0,0,0,0,0,0,0,0,0,0,0,0,0,0,0,0,0,0,0,0,0,0,0,0,0,0,0,0,0,0,0,0,0,0,0,0,0,0,0,0,80,76,33,28,10,66,42,35,88,63,40,90,100,39,43,41,17,29,19,59,15,23,52,35,39,43,53,41,35,14,14,122,62,52,61,43,86,57,36,44,32,33,191,24,48,6,0,63,30,26,28,16
0,0,0,0,0,0,0,0,0,0,0,0,0,0,0,0,0,0,0,0,0,0,0,0,0,0,0,0,0,0,0,0,0,0,0,0,0,0,0,0,0,0,0,0,0,0,0,0,0,0,0,0,0,0,0,0,0,0,0,0,0,0,420,196,186,36,507,276,211,647,646,194,734,1312,383,245,102,68,219,90,288,130,122,403,225,304,258,366,148,195,51,35,1447,532,347,259,284,1093,450,174,204,174,302,1502,141,437,102,0,250,196,124,148,93
0,0,0,0,0,0,0,0,0,0,0,0,0,0,0,0,0,0,0,0,0,0,0,0,0,0,0,0,0,0,0,0,0,0,0,0,0,0,0,0,0,0,0,0,0,0,0,0,0,0,0,0,0,0,0,0,0,0,0,0,0,0,0,135,112,36,255,247,102,380,408,135,440,615,263,149,117,69,150,50,189,94,103,362,143,276,188,292,87,154,52,30,670,262,237,189,151,512,303,139,146,182,197,851,142,205,66,0,159,114,97,132,48
0,0,0,0,0,0,0,0,0,0,0,0,0,0,0,0,0,0,0,0,0,0,0,0,0,0,0,0,0,0,0,0,0,0,0,0,0,0,0,0,0,0,0,0,0,0,0,0,0,0,0,0,0,0,0,0,0,0,0,0,0,0,0,0,65,10,154,79,44,223,181,73,195,304,121,89,39,36,54,24,80,40,43,108,62,67,65,140,56,42,17,11,413,143,85,87,106,284,130,47,55,77,97,390,51,105,29,0,94,50,37,32,28
0,0,0,0,0,0,0,0,0,0,0,0,0,0,0,0,0,0,0,0,0,0,0,0,0,0,0,0,0,0,0,0,0,0,0,0,0,0,0,0,0,0,0,0,0,0,0,0,0,0,0,0,0,0,0,0,0,0,0,0,0,0,0,0,0,16,139,101,36,168,133,75,251,359,109,74,23,25,69,20,82,53,41,150,70,124,92,122,66,59,23,16,390,150,85,85,90,222,104,45,87,62,100,340,79,122,40,0,62,50,51,57,34
0,0,0,0,0,0,0,0,0,0,0,0,0,0,0,0,0,0,0,0,0,0,0,0,0,0,0,0,0,0,0,0,0,0,0,0,0,0,0,0,0,0,0,0,0,0,0,0,0,0,0,0,0,0,0,0,0,0,0,0,0,0,0,0,0,0,18,16,14,29,32,16,45,65,19,17,10,6,12,7,18,7,8,20,15,18,12,22,14,12,3,11,75,31,17,17,19,44,27,12,8,18,14,73,14,24,2,0,15,13,6,5,8
0,0,0,0,0,0,0,0,0,0,0,0,0,0,0,0,0,0,0,0,0,0,0,0,0,0,0,0,0,0,0,0,0,0,0,0,0,0,0,0,0,0,0,0,0,0,0,0,0,0,0,0,0,0,0,0,0,0,0,0,0,0,0,0,0,0,0,255,133,274,462,109,329,770,354,141,73,54,220,47,129,82,107,385,181,308,237,324,63,220,47,19,567,195,157,168,206,642,311,166,174,139,278,881,177,212,90,0,108,178,85,147,54
0,0,0,0,0,0,0,0,0,0,0,0,0,0,0,0,0,0,0,0,0,0,0,0,0,0,0,0,0,0,0,0,0,0,0,0,0,0,0,0,0,0,0,0,0,0,0,0,0,0,0,0,0,0,0,0,0,0,0,0,0,0,0,0,0,0,0,0,70,266,247,70,453,669,155,96,53,32,104,34,145,98,40,238,97,116,90,204,72,81,28,15,731,282,143,137,163,543,196,71,108,114,188,771,91,199,40,0,113,79,50,56,39
0,0,0,0,0,0,0,0,0,0,0,0,0,0,0,0,0,0,0,0,0,0,0,0,0,0,0,0,0,0,0,0,0,0,0,0,0,0,0,0,0,0,0,0,0,0,0,0,0,0,0,0,0,0,0,0,0,0,0,0,0,0,0,0,0,0,0,0,0,159,140,40,194,231,129,65,28,19,94,22,64,42,43,128,52,99,72,113,43,72,17,10,337,124,72,54,72,234,101,47,63,83,59,295,50,83,40,0,66,56,30,49,19
0,0,0,0,0,0,0,0,0,0,0,0,0,0,0,0,0,0,0,0,0,0,0,0,0,0,0,0,0,0,0,0,0,0,0,0,0,0,0,0,0,0,0,0,0,0,0,0,0,0,0,0,0,0,0,0,0,0,0,0,0,0,0,0,0,0,0,0,0,0,504,164,572,898,357,227,128,76,192,59,244,130,131,479,167,338,273,371,115,215,94,38,947,332,362,239,157,655,335,167,242,225,258,1178,181,358,75,0,229,173,132,167,77
0,0,0,0,0,0,0,0,0,0,0,0,0,0,0,0,0,0,0,0,0,0,0,0,0,0,0,0,0,0,0,0,0,0,0,0,0,0,0,0,0,0,0,0,0,0,0,0,0,0,0,0,0,0,0,0,0,0,0,0,0,0,0,0,0,0,0,0,0,0,0,164,625,1024,355,215,103,62,197,59,236,128,121,391,161,306,199,334,113,214,61,39,1123,392,314,186,188,718,330,141,174,164,246,1140,160,303,56,0,216,140,101,122,77
0,0,0,0,0,0,0,0,0,0,0,0,0,0,0,0,0,0,0,0,0,0,0,0,0,0,0,0,0,0,0,0,0,0,0,0,0,0,0,0,0,0,0,0,0,0,0,0,0,0,0,0,0,0,0,0,0,0,0,0,0,0,0,0,0,0,0,0,0,0,0,0,147,233,121,59,59,41,49,20,79,50,53,121,70,105,84,116,41,54,25,18,262,86,77,95,84,172,132,61,72,66,105,336,47,87,30,0,59,68,36,54,38
0,0,0,0,0,0,0,0,0,0,0,0,0,0,0,0,0,0,0,0,0,0,0,0,0,0,0,0,0,0,0,0,0,0,0,0,0,0,0,0,0,0,0,0,0,0,0,0,0,0,0,0,0,0,0,0,0,0,0,0,0,0,0,0,0,0,0,0,0,0,0,0,0,614,519,165,95,49,363,71,235,170,132,572,254,441,270,448,118,336,68,48,1250,333,280,275,211,892,437,177,280,219,367,1433,241,303,135,0,208,225,167,218,84
0,0,0,0,0,0,0,0,0,0,0,0,0,0,0,0,0,0,0,0,0,0,0,0,0,0,0,0,0,0,0,0,0,0,0,0,0,0,0,0,0,0,0,0,0,0,0,0,0,0,0,0,0,0,0,0,0,0,0,0,0,0,0,0,0,0,0,0,0,0,0,0,0,0,729,245,184,100,609,111,411,303,193,994,373,805,526,682,225,550,109,53,2511,545,465,393,454,1679,713,341,368,392,643,3020,387,454,277,0,372,401,238,267,115
0,0,0,0,0,0,0,0,0,0,0,0,0,0,0,0,0,0,0,0,0,0,0,0,0,0,0,0,0,0,0,0,0,0,0,0,0,0,0,0,0,0,0,0,0,0,0,0,0,0,0,0,0,0,0,0,0,0,0,0,0,0,0,0,0,0,0,0,0,0,0,0,0,0,0,178,72,55,165,56,167,135,78,351,167,192,146,279,109,139,36,28,1047,365,206,207,214,671,281,99,119,114,231,996,109,285,58,0,179,117,90,113,67
0,0,0,0,0,0,0,0,0,0,0,0,0,0,0,0,0,0,0,0,0,0,0,0,0,0,0,0,0,0,0,0,0,0,0,0,0,0,0,0,0,0,0,0,0,0,0,0,0,0,0,0,0,0,0,0,0,0,0,0,0,0,0,0,0,0,0,0,0,0,0,0,0,0,0,0,49,47,85,37,115,59,63,213,82,153,92,131,54,105,39,19,465,138,123,106,80,271,194,64,87,90,131,482,56,89,32,0,92,80,65,61,30
0,0,0,0,0,0,0,0,0,0,0,0,0,0,0,0,0,0,0,0,0,0,0,0,0,0,0,0,0,0,0,0,0,0,0,0,0,0,0,0,0,0,0,0,0,0,0,0,0,0,0,0,0,0,0,0,0,0,0,0,0,0,0,0,0,0,0,0,0,0,0,0,0,0,0,0,0,28,35,14,68,44,50,85,51,53,59,69,49,54,14,24,199,97,66,52,42,140,83,37,58,93,43,244,27,63,18,0,58,37,29,29,19
0,0,0,0,0,0,0,0,0,0,0,0,0,0,0,0,0,0,0,0,0,0,0,0,0,0,0,0,0,0,0,0,0,0,0,0,0,0,0,0,0,0,0,0,0,0,0,0,0,0,0,0,0,0,0,0,0,0,0,0,0,0,0,0,0,0,0,0,0,0,0,0,0,0,0,0,0,0,27,11,40,19,27,54,34,39,52,58,29,30,12,13,130,65,40,36,47,79,59,36,36,24,45,145,17,54,10,0,31,13,25,18,9
0,0,0,0,0,0,0,0,0,0,0,0,0,0,0,0,0,0,0,0,0,0,0,0,0,0,0,0,0,0,0,0,0,0,0,0,0,0,0,0,0,0,0,0,0,0,0,0,0,0,0,0,0,0,0,0,0,0,0,0,0,0,0,0,0,0,0,0,0,0,0,0,0,0,0,0,0,0,0,35,107,89,47,186,84,103,95,192,106,73,36,6,603,260,102,107,121,511,140,58,61,57,188,502,61,175,56,0,166,57,53,51,43
0,0,0,0,0,0,0,0,0,0,0,0,0,0,0,0,0,0,0,0,0,0,0,0,0,0,0,0,0,0,0,0,0,0,0,0,0,0,0,0,0,0,0,0,0,0,0,0,0,0,0,0,0,0,0,0,0,0,0,0,0,0,0,0,0,0,0,0,0,0,0,0,0,0,0,0,0,0,0,0,37,22,16,53,21,55,42,44,16,38,8,2,137,51,57,30,24,92,52,19,28,34,23,119,31,44,8,0,21,14,25,21,18
0,0,0,0,0,0,0,0,0,0,0,0,0,0,0,0,0,0,0,0,0,0,0,0,0,0,0,0,0,0,0,0,0,0,0,0,0,0,0,0,0,0,0,0,0,0,0,0,0,0,0,0,0,0,0,0,0,0,0,0,0,0,0,0,0,0,0,0,0,0,0,0,0,0,0,0,0,0,0,0,0,63,72,195,97,136,110,149,70,86,33,20,425,157,164,124,95,281,190,91,125,114,108,461,110,100,31,0,103,72,72,65,45
0,0,0,0,0,0,0,0,0,0,0,0,0,0,0,0,0,0,0,0,0,0,0,0,0,0,0,0,0,0,0,0,0,0,0,0,0,0,0,0,0,0,0,0,0,0,0,0,0,0,0,0,0,0,0,0,0,0,0,0,0,0,0,0,0,0,0,0,0,0,0,0,0,0,0,0,0,0,0,0,0,0,38,120,41,119,57,91,40,83,24,15,287,102,93,46,76,260,100,50,48,55,58,351,84,97,44,0,67,58,46,41,25
0,0,0,0,0,0,0,0,0,0,0,0,0,0,0,0,0,0,0,0,0,0,0,0,0,0,0,0,0,0,0,0,0,0,0,0,0,0,0,0,0,0,0,0,0,0,0,0,0,0,0,0,0,0,0,0,0,0,0,0,0,0,0,0,0,0,0,0,0,0,0,0,0,0,0,0,0,0,0,0,0,0,0,65,43,67,49,87,32,34,7,13,272,138,66,72,51,180,94,38,41,52,36,284,46,90,13,0,51,31,19,27,38
0,0,0,0,0,0,0,0,0,0,0,0,0,0,0,0,0,0,0,0,0,0,0,0,0,0,0,0,0,0,0,0,0,0,0,0,0,0,0,0,0,0,0,0,0,0,0,0,0,0,0,0,0,0,0,0,0,0,0,0,0,0,0,0,0,0,0,0,0,0,0,0,0,0,0,0,0,0,0,0,0,0,0,0,141,228,140,261,123,154,40,30,1150,508,228,174,206,861,314,137,124,140,265,1043,112,300,67,0,207,146,81,118,66
0,0,0,0,0,0,0,0,0,0,0,0,0,0,0,0,0,0,0,0,0,0,0,0,0,0,0,0,0,0,0,0,0,0,0,0,0,0,0,0,0,0,0,0,0,0,0,0,0,0,0,0,0,0,0,0,0,0,0,0,0,0,0,0,0,0,0,0,0,0,0,0,0,0,0,0,0,0,0,0,0,0,0,0,0,125,104,166,67,83,24,18,473,198,91,92,111,306,113,70,76,87,93,390,49,143,24,0,88,63,49,47,33
0,0,0,0,0,0,0,0,0,0,0,0,0,0,0,0,0,0,0,0,0,0,0,0,0,0,0,0,0,0,0,0,0,0,0,0,0,0,0,0,0,0,0,0,0,0,0,0,0,0,0,0,0,0,0,0,0,0,0,0,0,0,0,0,0,0,0,0,0,0,0,0,0,0,0,0,0,0,0,0,0,0,0,0,0,0,84,209,98,103,38,19,921,314,169,145,190,643,256,106,103,138,156,919,105,266,49,0,166,93,44,69,61
0,0,0,0,0,0,0,0,0,0,0,0,0,0,0,0,0,0,0,0,0,0,0,0,0,0,0,0,0,0,0,0,0,0,0,0,0,0,0,0,0,0,0,0,0,0,0,0,0,0,0,0,0,0,0,0,0,0,0,0,0,0,0,0,0,0,0,0,0,0,0,0,0,0,0,0,0,0,0,0,0,0,0,0,0,0,0,180,85,58,15,19,595,259,114,107,137,488,202,75,78,79,161,593,58,199,47,0,105,62,36,34,34
0,0,0,0,0,0,0,0,0,0,0,0,0,0,0,0,0,0,0,0,0,0,0,0,0,0,0,0,0,0,0,0,0,0,0,0,0,0,0,0,0,0,0,0,0,0,0,0,0,0,0,0,0,0,0,0,0,0,0,0,0,0,0,0,0,0,0,0,0,0,0,0,0,0,0,0,0,0,0,0,0,0,0,0,0,0,0,0,103,166,28,20,907,359,179,171,165,552,242,111,152,139,228,867,92,280,70,0,137,118,82,74,63
0,0,0,0,0,0,0,0,0,0,0,0,0,0,0,0,0,0,0,0,0,0,0,0,0,0,0,0,0,0,0,0,0,0,0,0,0,0,0,0,0,0,0,0,0,0,0,0,0,0,0,0,0,0,0,0,0,0,0,0,0,0,0,0,0,0,0,0,0,0,0,0,0,0,0,0,0,0,0,0,0,0,0,0,0,0,0,0,0,49,20,18,228,76,59,83,66,207,81,56,51,60,93,284,70,83,20,0,56,57,42,48,25
0,0,0,0,0,0,0,0,0,0,0,0,0,0,0,0,0,0,0,0,0,0,0,0,0,0,0,0,0,0,0,0,0,0,0,0,0,0,0,0,0,0,0,0,0,0,0,0,0,0,0,0,0,0,0,0,0,0,0,0,0,0,0,0,0,0,0,0,0,0,0,0,0,0,0,0,0,0,0,0,0,0,0,0,0,0,0,0,0,0,14,10,616,213,127,114,114,370,208,47,68,91,125,580,45,164,35,0,99,54,30,43,32
0,0,0,0,0,0,0,0,0,0,0,0,0,0,0,0,0,0,0,0,0,0,0,0,0,0,0,0,0,0,0,0,0,0,0,0,0,0,0,0,0,0,0,0,0,0,0,0,0,0,0,0,0,0,0,0,0,0,0,0,0,0,0,0,0,0,0,0,0,0,0,0,0,0,0,0,0,0,0,0,0,0,0,0,0,0,0,0,0,0,0,13,136,46,46,28,24,91,64,20,19,32,46,163,22,36,11,0,35,18,18,15,9
0,0,0,0,0,0,0,0,0,0,0,0,0,0,0,0,0,0,0,0,0,0,0,0,0,0,0,0,0,0,0,0,0,0,0,0,0,0,0,0,0,0,0,0,0,0,0,0,0,0,0,0,0,0,0,0,0,0,0,0,0,0,0,0,0,0,0,0,0,0,0,0,0,0,0,0,0,0,0,0,0,0,0,0,0,0,0,0,0,0,0,0,78,54,28,21,14,59,27,4,27,23,15,65,10,22,8,0,22,14,22,7,15
0,0,0,0,0,0,0,0,0,0,0,0,0,0,0,0,0,0,0,0,0,0,0,0,0,0,0,0,0,0,0,0,0,0,0,0,0,0,0,0,0,0,0,0,0,0,0,0,0,0,0,0,0,0,0,0,0,0,0,0,0,0,0,0,0,0,0,0,0,0,0,0,0,0,0,0,0,0,0,0,0,0,0,0,0,0,0,0,0,0,0,0,0,705,450,467,521,1937,739,321,514,439,782,2766,419,679,247,0,322,478,257,379,153
0,0,0,0,0,0,0,0,0,0,0,0,0,0,0,0,0,0,0,0,0,0,0,0,0,0,0,0,0,0,0,0,0,0,0,0,0,0,0,0,0,0,0,0,0,0,0,0,0,0,0,0,0,0,0,0,0,0,0,0,0,0,0,0,0,0,0,0,0,0,0,0,0,0,0,0,0,0,0,0,0,0,0,0,0,0,0,0,0,0,0,0,0,0,190,209,266,633,289,140,199,163,316,951,168,202,105,0,112,168,102,136,70
0,0,0,0,0,0,0,0,0,0,0,0,0,0,0,0,0,0,0,0,0,0,0,0,0,0,0,0,0,0,0,0,0,0,0,0,0,0,0,0,0,0,0,0,0,0,0,0,0,0,0,0,0,0,0,0,0,0,0,0,0,0,0,0,0,0,0,0,0,0,0,0,0,0,0,0,0,0,0,0,0,0,0,0,0,0,0,0,0,0,0,0,0,0,0,120,134,350,240,109,109,101,124,665,119,164,42,0,117,86,55,95,39
0,0,0,0,0,0,0,0,0,0,0,0,0,0,0,0,0,0,0,0,0,0,0,0,0,0,0,0,0,0,0,0,0,0,0,0,0,0,0,0,0,0,0,0,0,0,0,0,0,0,0,0,0,0,0,0,0,0,0,0,0,0,0,0,0,0,0,0,0,0,0,0,0,0,0,0,0,0,0,0,0,0,0,0,0,0,0,0,0,0,0,0,0,0,0,0,88,239,168,108,100,81,111,479,86,168,38,0,79,77,60,71,40
0,0,0,0,0,0,0,0,0,0,0,0,0,0,0,0,0,0,0,0,0,0,0,0,0,0,0,0,0,0,0,0,0,0,0,0,0,0,0,0,0,0,0,0,0,0,0,0,0,0,0,0,0,0,0,0,0,0,0,0,0,0,0,0,0,0,0,0,0,0,0,0,0,0,0,0,0,0,0,0,0,0,0,0,0,0,0,0,0,0,0,0,0,0,0,0,0,338,159,75,113,95,161,573,132,245,45,0,112,103,63,76,33
0,0,0,0,0,0,0,0,0,0,0,0,0,0,0,0,0,0,0,0,0,0,0,0,0,0,0,0,0,0,0,0,0,0,0,0,0,0,0,0,0,0,0,0,0,0,0,0,0,0,0,0,0,0,0,0,0,0,0,0,0,0,0,0,0,0,0,0,0,0,0,0,0,0,0,0,0,0,0,0,0,0,0,0,0,0,0,0,0,0,0,0,0,0,0,0,0,0,441,238,297,296,553,2137,263,495,192,0,338,311,192,259,121
0,0,0,0,0,0,0,0,0,0,0,0,0,0,0,0,0,0,0,0,0,0,0,0,0,0,0,0,0,0,0,0,0,0,0,0,0,0,0,0,0,0,0,0,0,0,0,0,0,0,0,0,0,0,0,0,0,0,0,0,0,0,0,0,0,0,0,0,0,0,0,0,0,0,0,0,0,0,0,0,0,0,0,0,0,0,0,0,0,0,0,0,0,0,0,0,0,0,0,133,164,133,173,894,129,260,63,0,160,146,109,124,42
0,0,0,0,0,0,0,0,0,0,0,0,0,0,0,0,0,0,0,0,0,0,0,0,0,0,0,0,0,0,0,0,0,0,0,0,0,0,0,0,0,0,0,0,0,0,0,0,0,0,0,0,0,0,0,0,0,0,0,0,0,0,0,0,0,0,0,0,0,0,0,0,0,0,0,0,0,0,0,0,0,0,0,0,0,0,0,0,0,0,0,0,0,0,0,0,0,0,0,0,79,52,68,411,65,108,27,0,82,51,37,47,32
0,0,0,0,0,0,0,0,0,0,0,0,0,0,0,0,0,0,0,0,0,0,0,0,0,0,0,0,0,0,0,0,0,0,0,0,0,0,0,0,0,0,0,0,0,0,0,0,0,0,0,0,0,0,0,0,0,0,0,0,0,0,0,0,0,0,0,0,0,0,0,0,0,0,0,0,0,0,0,0,0,0,0,0,0,0,0,0,0,0,0,0,0,0,0,0,0,0,0,0,0,103,86,623,36,139,33,0,88,73,35,46,31
0,0,0,0,0,0,0,0,0,0,0,0,0,0,0,0,0,0,0,0,0,0,0,0,0,0,0,0,0,0,0,0,0,0,0,0,0,0,0,0,0,0,0,0,0,0,0,0,0,0,0,0,0,0,0,0,0,0,0,0,0,0,0,0,0,0,0,0,0,0,0,0,0,0,0,0,0,0,0,0,0,0,0,0,0,0,0,0,0,0,0,0,0,0,0,0,0,0,0,0,0,0,91,458,69,125,33,0,85,62,52,49,29
0,0,0,0,0,0,0,0,0,0,0,0,0,0,0,0,0,0,0,0,0,0,0,0,0,0,0,0,0,0,0,0,0,0,0,0,0,0,0,0,0,0,0,0,0,0,0,0,0,0,0,0,0,0,0,0,0,0,0,0,0,0,0,0,0,0,0,0,0,0,0,0,0,0,0,0,0,0,0,0,0,0,0,0,0,0,0,0,0,0,0,0,0,0,0,0,0,0,0,0,0,0,0,703,69,229,48,0,162,112,68,85,38
0,0,0,0,0,0,0,0,0,0,0,0,0,0,0,0,0,0,0,0,0,0,0,0,0,0,0,0,0,0,0,0,0,0,0,0,0,0,0,0,0,0,0,0,0,0,0,0,0,0,0,0,0,0,0,0,0,0,0,0,0,0,0,0,0,0,0,0,0,0,0,0,0,0,0,0,0,0,0,0,0,0,0,0,0,0,0,0,0,0,0,0,0,0,0,0,0,0,0,0,0,0,0,0,471,790,227,0,472,435,290,306,169
0,0,0,0,0,0,0,0,0,0,0,0,0,0,0,0,0,0,0,0,0,0,0,0,0,0,0,0,0,0,0,0,0,0,0,0,0,0,0,0,0,0,0,0,0,0,0,0,0,0,0,0,0,0,0,0,0,0,0,0,0,0,0,0,0,0,0,0,0,0,0,0,0,0,0,0,0,0,0,0,0,0,0,0,0,0,0,0,0,0,0,0,0,0,0,0,0,0,0,0,0,0,0,0,0,149,26,0,77,57,26,30,23
0,0,0,0,0,0,0,0,0,0,0,0,0,0,0,0,0,0,0,0,0,0,0,0,0,0,0,0,0,0,0,0,0,0,0,0,0,0,0,0,0,0,0,0,0,0,0,0,0,0,0,0,0,0,0,0,0,0,0,0,0,0,0,0,0,0,0,0,0,0,0,0,0,0,0,0,0,0,0,0,0,0,0,0,0,0,0,0,0,0,0,0,0,0,0,0,0,0,0,0,0,0,0,0,0,0,76,0,151,119,82,114,52
0,0,0,0,0,0,0,0,0,0,0,0,0,0,0,0,0,0,0,0,0,0,0,0,0,0,0,0,0,0,0,0,0,0,0,0,0,0,0,0,0,0,0,0,0,0,0,0,0,0,0,0,0,0,0,0,0,0,0,0,0,0,0,0,0,0,0,0,0,0,0,0,0,0,0,0,0,0,0,0,0,0,0,0,0,0,0,0,0,0,0,0,0,0,0,0,0,0,0,0,0,0,0,0,0,0,0,0,44,40,32,23,24
0,0,0,0,0,0,0,0,0,0,0,0,0,0,0,0,0,0,0,0,0,0,0,0,0,0,0,0,0,0,0,0,0,0,0,0,0,0,0,0,0,0,0,0,0,0,0,0,0,0,0,0,0,0,0,0,0,0,0,0,0,0,0,0,0,0,0,0,0,0,0,0,0,0,0,0,0,0,0,0,0,0,0,0,0,0,0,0,0,0,0,0,0,0,0,0,0,0,0,0,0,0,0,0,0,0,0,0,0,0,0,0,0
0,0,0,0,0,0,0,0,0,0,0,0,0,0,0,0,0,0,0,0,0,0,0,0,0,0,0,0,0,0,0,0,0,0,0,0,0,0,0,0,0,0,0,0,0,0,0,0,0,0,0,0,0,0,0,0,0,0,0,0,0,0,0,0,0,0,0,0,0,0,0,0,0,0,0,0,0,0,0,0,0,0,0,0,0,0,0,0,0,0,0,0,0,0,0,0,0,0,0,0,0,0,0,0,0,0,0,0,0,102,57,69,52
0,0,0,0,0,0,0,0,0,0,0,0,0,0,0,0,0,0,0,0,0,0,0,0,0,0,0,0,0,0,0,0,0,0,0,0,0,0,0,0,0,0,0,0,0,0,0,0,0,0,0,0,0,0,0,0,0,0,0,0,0,0,0,0,0,0,0,0,0,0,0,0,0,0,0,0,0,0,0,0,0,0,0,0,0,0,0,0,0,0,0,0,0,0,0,0,0,0,0,0,0,0,0,0,0,0,0,0,0,0,30,46,31
0,0,0,0,0,0,0,0,0,0,0,0,0,0,0,0,0,0,0,0,0,0,0,0,0,0,0,0,0,0,0,0,0,0,0,0,0,0,0,0,0,0,0,0,0,0,0,0,0,0,0,0,0,0,0,0,0,0,0,0,0,0,0,0,0,0,0,0,0,0,0,0,0,0,0,0,0,0,0,0,0,0,0,0,0,0,0,0,0,0,0,0,0,0,0,0,0,0,0,0,0,0,0,0,0,0,0,0,0,0,0,26,31
0,0,0,0,0,0,0,0,0,0,0,0,0,0,0,0,0,0,0,0,0,0,0,0,0,0,0,0,0,0,0,0,0,0,0,0,0,0,0,0,0,0,0,0,0,0,0,0,0,0,0,0,0,0,0,0,0,0,0,0,0,0,0,0,0,0,0,0,0,0,0,0,0,0,0,0,0,0,0,0,0,0,0,0,0,0,0,0,0,0,0,0,0,0,0,0,0,0,0,0,0,0,0,0,0,0,0,0,0,0,0,0,27
0,0,0,0,0,0,0,0,0,0,0,0,0,0,0,0,0,0,0,0,0,0,0,0,0,0,0,0,0,0,0,0,0,0,0,0,0,0,0,0,0,0,0,0,0,0,0,0,0,0,0,0,0,0,0,0,0,0,0,0,0,0,0,0,0,0,0,0,0,0,0,0,0,0,0,0,0,0,0,0,0,0,0,0,0,0,0,0,0,0,0,0,0,0,0,0,0,0,0,0,0,0,0,0,0,0,0,0,0,0,0,0,0
